<?xml version="1.0" encoding="UTF-8"?>
<odoo noupdate="1">

    <record id="group_l10n_do_fiscal_credit_note" model="res.groups">
        <field name="name">Can create Fiscal Credit Notes</field>
        <field name="implied_ids" eval="[(4, ref('account.group_account_invoice'))]"/>
        <field name="users" eval="[(4, ref('base.user_root')), (4, ref('base.user_admin'))]"/>
    </record>
    <record id="group_l10n_do_fiscal_invoice_cancel" model="res.groups">
        <field name="name">Can cancel Fiscal Invoices</field>
        <field name="implied_ids" eval="[(4, ref('account.group_account_invoice'))]"/>
        <field name="users" eval="[(4, ref('base.user_root')), (4, ref('base.user_admin'))]"/>
    </record>
    <record id="group_l10n_do_edit_fiscal_partner" model="res.groups">
        <field name="name">Can modify partner fiscal fields</field>
        <field name="implied_ids" eval="[(4, ref('account.group_account_manager'))]"/>
        <field name="users" eval="[(4, ref('base.user_root')), (4, ref('base.user_admin'))]"/>
    </record>
    <record id="group_l10n_do_debit_note" model="res.groups">
        <field name="name">Can create Debit Notes</field>
        <field name="implied_ids" eval="[(4, ref('account.group_account_invoice'))]"/>
        <field name="users" eval="[(4, ref('base.user_root')), (4, ref('base.user_admin'))]"/>
    </record>

</odoo>
